City_ID,City,Country,Date,Lat,Lng,Max Temp,Humidity,Cloudiness,Wind Speed
0,Taunggyi,MM,2021-04-10 15:42:51,20.7833,97.0333,70.34,43,27,3.91
1,Cayenne,GF,2021-04-10 15:42:51,4.9333,-52.3333,82.4,89,75,3.44
2,Hilo,US,2021-04-10 15:38:56,19.7297,-155.09,66.2,82,90,4.79
3,Port Alfred,ZA,2021-04-10 15:42:52,-33.5906,26.891,69.78,89,94,7.81
4,Leningradskiy,RU,2021-04-10 15:42:52,69.3833,178.4167,-16.8,99,100,2.35
5,Mataura,NZ,2021-04-10 15:42:53,-46.1927,168.8643,57.0,92,96,1.99
6,Busselton,AU,2021-04-10 15:38:43,-33.65,115.3333,68.0,54,100,5.01
7,East London,ZA,2021-04-10 15:42:53,-33.0153,27.9116,75.2,78,0,8.05
8,Kapaa,US,2021-04-10 15:38:45,22.0752,-159.319,66.2,88,75,10.11
9,Aklavik,CA,2021-04-10 15:42:53,68.2191,-135.0107,-18.4,76,75,6.91
10,Albany,US,2021-04-10 15:38:24,42.6001,-73.9662,69.01,48,0,4.74
11,Roebourne,AU,2021-04-10 15:42:54,-20.7833,117.1333,83.61,75,100,13.89
12,Grand Gaube,MU,2021-04-10 15:42:54,-20.0064,57.6608,80.01,76,99,7.0
13,Lagoa,PT,2021-04-10 15:40:01,39.05,-27.9833,59.79,93,100,24.09
14,Airai,TL,2021-04-10 15:42:54,-8.9266,125.4092,57.34,82,32,1.48
15,Ribeira Grande,PT,2021-04-10 15:42:55,38.5167,-28.7,66.2,77,20,9.22
16,Norman Wells,CA,2021-04-10 15:42:55,65.282,-126.8329,-11.2,70,75,11.5
17,Taoudenni,ML,2021-04-10 15:41:31,22.6783,-3.9836,99.7,8,3,11.77
18,Fortuna,US,2021-04-10 15:42:55,40.5982,-124.1573,48.99,76,90,6.91
19,Coquimbo,CL,2021-04-10 15:42:56,-29.9533,-71.3436,62.6,72,0,9.22
20,Waipawa,NZ,2021-04-10 15:42:56,-41.4122,175.5153,64.99,88,75,20.71
21,Bluff,NZ,2021-04-10 15:42:56,-46.6,168.3333,57.0,92,97,1.99
22,Hermanus,ZA,2021-04-10 15:42:57,-34.4187,19.2345,70.0,77,100,1.01
23,Acapulco,MX,2021-04-10 15:42:57,16.8634,-99.8901,82.4,65,1,4.03
24,Tuktoyaktuk,CA,2021-04-10 15:42:57,69.4541,-133.0374,-25.6,75,75,4.61
25,Muli,MV,2021-04-10 15:42:58,2.9167,73.5667,83.28,74,53,9.22
26,Chuy,UY,2021-04-10 15:42:58,-33.6971,-53.4616,67.37,98,100,6.87
27,Tabory,RU,2021-04-10 15:42:58,58.5198,64.5495,39.7,96,100,4.9
28,Rikitea,PF,2021-04-10 15:42:58,-23.1203,-134.9692,77.81,74,2,9.66
29,Chokurdakh,RU,2021-04-10 15:42:59,70.6333,147.9167,-30.95,100,81,4.09
30,Port Elizabeth,ZA,2021-04-10 15:42:59,-33.918,25.5701,68.0,83,0,5.75
31,Nakodar,IN,2021-04-10 15:42:59,31.1258,75.4733,80.4,14,0,6.35
32,Barrow,US,2021-04-10 15:42:59,71.2906,-156.7887,-16.6,76,1,8.05
33,Kavieng,PG,2021-04-10 15:43:00,-2.5744,150.7967,78.04,87,100,11.56
34,Dikson,RU,2021-04-10 15:43:00,73.5069,80.5464,24.6,92,80,15.3
35,Moose Factory,CA,2021-04-10 15:43:00,51.2585,-80.6094,50.0,100,90,4.61
36,Georgetown,MY,2021-04-10 15:41:31,5.4112,100.3354,84.2,89,40,9.22
37,Kampot,KH,2021-04-10 15:43:01,10.6167,104.1833,80.6,88,40,13.8
38,Bambous Virieux,MU,2021-04-10 15:42:51,-20.3428,57.7575,80.01,83,40,9.22
39,Hamilton,US,2021-04-10 15:43:01,39.1834,-84.5333,72.0,60,40,10.36
40,Hithadhoo,MV,2021-04-10 15:42:20,-0.6,73.0833,83.66,69,100,10.96
41,Havelock,US,2021-04-10 15:43:02,34.8791,-76.9013,75.0,78,75,8.05
42,Pevek,RU,2021-04-10 15:39:24,69.7008,170.3133,-25.29,98,82,2.84
43,Campoverde,PE,2021-04-10 15:43:02,-8.4753,-74.8058,73.4,100,90,3.44
44,Nanortalik,GL,2021-04-10 15:43:02,60.1432,-45.2371,37.45,91,100,6.02
45,Arraial Do Cabo,BR,2021-04-10 15:43:03,-22.9661,-42.0278,84.2,42,0,9.22
46,Pascagoula,US,2021-04-10 15:38:41,30.3658,-88.5561,64.4,94,90,4.61
47,Ushuaia,AR,2021-04-10 15:40:54,-54.8,-68.3,53.6,50,75,5.75
48,Mount Gambier,AU,2021-04-10 15:43:03,-37.8333,140.7667,50.0,71,40,16.11
49,Mayumba,GA,2021-04-10 15:43:03,-3.432,10.6554,78.24,87,100,4.05
50,Whitehorse,CA,2021-04-10 15:43:04,60.7161,-135.0538,-4.0,71,90,12.66
51,Avarua,CK,2021-04-10 15:43:04,-21.2078,-159.775,75.2,100,96,5.75
52,Tuatapere,NZ,2021-04-10 15:43:04,-46.1333,167.6833,57.0,92,99,1.99
53,Atuona,PF,2021-04-10 15:43:05,-9.8,-139.0333,80.38,77,70,18.16
54,Calabozo,VE,2021-04-10 15:43:05,8.9242,-67.4293,85.89,54,100,7.31
55,Iqaluit,CA,2021-04-10 15:39:48,63.7506,-68.5145,15.8,79,90,4.61
56,Manikpur,IN,2021-04-10 15:43:05,25.0667,81.1167,88.39,9,1,3.78
57,Shihezi,CN,2021-04-10 15:43:06,44.3,86.0333,56.34,34,23,10.02
58,Khani,GE,2021-04-10 15:43:06,41.9563,42.9566,46.4,93,90,8.05
59,Tiksi,RU,2021-04-10 15:43:06,71.6872,128.8694,-17.86,99,73,5.39
60,Hualmay,PE,2021-04-10 15:43:06,-11.0964,-77.6139,73.54,76,100,7.2
61,Sistranda,NO,2021-04-10 15:43:07,63.7256,8.834,41.0,70,40,12.66
62,Hobart,AU,2021-04-10 15:42:41,-42.8794,147.3294,45.0,65,88,14.97
63,Chumphon,TH,2021-04-10 15:43:07,10.3333,98.8333,72.28,91,3,1.7
64,Bredasdorp,ZA,2021-04-10 15:42:34,-34.5322,20.0403,69.8,68,100,6.91
65,Cassilandia,BR,2021-04-10 15:43:07,-19.1133,-51.7342,89.78,28,3,7.49
66,Lompoc,US,2021-04-10 15:43:08,34.6391,-120.4579,50.0,81,98,11.5
67,Cape Town,ZA,2021-04-10 15:39:03,-33.9258,18.4232,70.0,73,0,12.66
68,Ishigaki,JP,2021-04-10 15:43:08,24.3448,124.1572,73.42,70,76,18.77
69,Constitucion,CL,2021-04-10 15:39:13,-35.3333,-72.4167,62.2,56,0,11.74
70,Cherskiy,RU,2021-04-10 15:43:09,68.75,161.3,-24.11,93,100,2.62
71,Port Lincoln,AU,2021-04-10 15:39:28,-34.7333,135.8667,58.78,61,93,17.02
72,Kruisfontein,ZA,2021-04-10 15:43:09,-34.0033,24.7314,64.99,81,100,1.99
73,Buala,SB,2021-04-10 15:43:09,-8.145,159.5921,78.53,85,98,4.16
74,Severobaykalsk,RU,2021-04-10 15:43:09,55.65,109.3167,9.73,80,32,8.43
75,Kaitangata,NZ,2021-04-10 15:41:08,-46.2817,169.8464,55.72,80,100,5.93
76,Vaini,TO,2021-04-10 15:42:37,-21.2,-175.2,68.0,100,20,3.44
77,Jamestown,US,2021-04-10 15:38:39,42.097,-79.2353,70.0,63,1,11.5
78,Bethel,US,2021-04-10 15:43:10,41.3712,-73.414,63.0,72,90,4.61
79,Torbay,CA,2021-04-10 15:42:58,47.6666,-52.7314,33.01,100,90,19.57
80,Ilulissat,GL,2021-04-10 15:43:10,69.2167,-51.1,21.2,86,90,8.05
81,Jiazi,CN,2021-04-10 15:43:11,22.8779,116.067,65.93,80,24,18.34
82,Almeirim,BR,2021-04-10 15:43:11,-1.5233,-52.5817,86.83,61,33,4.65
83,Valparaiso,CL,2021-04-10 15:43:11,-33.0393,-71.6273,64.4,55,0,9.22
84,Medellin,CO,2021-04-10 15:41:22,6.2518,-75.5636,68.0,64,40,5.75
85,Fort Nelson,CA,2021-04-10 15:43:12,58.8053,-122.7002,10.4,72,90,13.8
86,Byron Bay,AU,2021-04-10 15:38:47,-28.65,153.6167,68.0,68,11,5.75
87,Thompson,CA,2021-04-10 15:43:12,55.7435,-97.8558,30.2,80,90,5.75
88,Yulara,AU,2021-04-10 15:43:12,-25.2406,130.9889,68.0,45,0,11.5
89,San Jeronimo,PE,2021-04-10 15:43:13,-11.9472,-75.2829,58.32,61,94,2.42
90,Baruun-Urt,MN,2021-04-10 15:43:13,46.6806,113.2792,34.92,60,99,7.07
91,Severo-Kurilsk,RU,2021-04-10 15:39:18,50.6789,156.125,29.21,85,100,17.49
92,Saskylakh,RU,2021-04-10 15:43:13,71.9167,114.0833,-5.96,91,9,9.37
93,Monrovia,LR,2021-04-10 15:43:14,6.3005,-10.7969,87.8,70,75,8.05
94,Lasa,IT,2021-04-10 15:43:14,46.6166,10.7002,55.0,87,75,8.05
95,Wittenberge,DE,2021-04-10 15:43:14,53.0,11.75,50.0,59,100,6.02
96,Obregon,NI,2021-04-10 15:43:14,11.9566,-85.9636,86.0,62,75,6.91
97,Zhanaozen,KZ,2021-04-10 15:43:15,43.3,52.8,78.26,18,46,18.63
98,Mayya,RU,2021-04-10 15:43:15,61.7333,130.2811,17.6,86,40,13.42
99,Kirakira,SB,2021-04-10 15:38:44,-10.4544,161.9205,78.85,85,100,3.47
100,Cockburn Town,TC,2021-04-10 15:41:55,21.4612,-71.1419,75.34,66,100,14.23
101,Ancud,CL,2021-04-10 15:43:15,-41.8697,-73.8203,55.0,81,75,6.91
102,Gunib,RU,2021-04-10 15:43:16,42.3876,46.9651,52.92,80,99,1.92
103,Tazovskiy,RU,2021-04-10 15:43:16,67.4667,78.7,32.7,91,100,9.15
104,Portree,GB,2021-04-10 15:43:16,57.4129,-6.1942,43.0,61,71,14.0
105,Saint George,US,2021-04-10 15:43:17,37.1041,-113.5841,55.4,19,1,6.91
106,Bestobe,KZ,2021-04-10 15:43:17,52.4994,73.0975,30.74,93,40,11.12
107,Talnakh,RU,2021-04-10 15:43:17,69.4865,88.3972,31.37,98,100,12.12
108,Domodossola,IT,2021-04-10 15:43:17,46.1165,8.2931,53.01,62,100,4.65
109,Yellowknife,CA,2021-04-10 15:43:09,62.456,-114.3525,0.0,65,20,14.97
110,Kochi,IN,2021-04-10 15:43:18,9.9399,76.2602,86.0,74,40,2.3
111,Hefei,CN,2021-04-10 15:43:18,31.8639,117.2808,61.0,72,0,4.47
112,Meadow Lake,US,2021-04-10 15:43:18,34.8014,-106.5436,57.0,31,20,6.91
113,Dossor,KZ,2021-04-10 15:43:19,47.5272,52.9811,74.32,22,34,27.13
114,Buin,CL,2021-04-10 15:43:19,-33.7333,-70.75,59.0,62,75,4.61
115,Peace River,CA,2021-04-10 15:42:52,56.2501,-117.286,23.0,80,90,31.07
116,Butaritari,KI,2021-04-10 15:38:41,3.0707,172.7902,80.64,80,100,9.24
117,Psebay,RU,2021-04-10 15:43:20,44.1234,40.8107,38.28,98,100,2.06
118,Punta Arenas,CL,2021-04-10 15:42:46,-53.15,-70.9167,55.4,62,75,21.85
119,Puerto Ayora,EC,2021-04-10 15:43:20,-0.7393,-90.3518,80.01,94,75,10.36
120,Paamiut,GL,2021-04-10 15:43:20,61.994,-49.6678,34.54,86,57,7.18
121,Bourg-En-Bresse,FR,2021-04-10 15:43:21,46.1667,5.1667,61.0,51,100,15.01
122,Castro,BR,2021-04-10 15:43:21,-24.7911,-50.0119,78.04,39,2,1.61
123,Linhai,CN,2021-04-10 15:43:21,28.85,121.1167,59.0,73,100,1.45
124,Oussouye,SN,2021-04-10 15:43:21,12.485,-16.5469,98.6,78,0,9.22
125,Caruray,PH,2021-04-10 15:43:22,10.3094,119.0128,77.0,94,90,4.61
126,Hasaki,JP,2021-04-10 15:43:22,35.7333,140.8333,42.8,81,40,3.44
127,New Norfolk,AU,2021-04-10 15:42:29,-42.7826,147.0587,44.01,80,99,1.01
128,Leh,IN,2021-04-10 15:43:23,34.1667,77.5833,32.68,44,81,4.74
129,Naze,JP,2021-04-10 15:43:23,28.3667,129.4833,62.91,68,96,19.93
130,Luderitz,NA,2021-04-10 15:43:23,-26.6481,15.1594,79.02,47,0,8.21
131,Kutum,SD,2021-04-10 15:43:23,14.2,24.6667,84.69,5,9,15.17
132,Okhotsk,RU,2021-04-10 15:41:21,59.3833,143.3,22.01,93,100,6.06
133,Henties Bay,NA,2021-04-10 15:43:24,-22.116,14.2845,87.01,38,0,5.99
134,Pitimbu,BR,2021-04-10 15:39:28,-7.4706,-34.8086,80.6,100,75,10.36
135,Carnarvon,AU,2021-04-10 15:43:24,-24.8667,113.6333,75.2,88,96,12.66
136,Ornskoldsvik,SE,2021-04-10 15:43:24,63.2909,18.7153,37.4,65,75,12.66
137,Dillon,US,2021-04-10 15:43:25,34.4166,-79.3712,73.99,78,40,9.22
138,Namibe,AO,2021-04-10 15:43:25,-15.1961,12.1522,87.8,66,40,18.41
139,San Jose,US,2021-04-10 15:38:41,37.3394,-121.895,52.0,76,40,3.44
140,Astana,KZ,2021-04-10 15:39:26,51.1801,71.446,37.4,81,0,24.61
141,Katsuura,JP,2021-04-10 15:43:25,35.1333,140.3,51.8,58,40,10.36
142,Kasamwa,TZ,2021-04-10 15:43:26,-2.85,32.4333,65.48,87,100,5.64
143,Khatanga,RU,2021-04-10 15:43:26,71.9667,102.5,1.38,89,97,5.55
144,Adrar,MR,2021-04-10 15:43:26,20.5022,-10.0711,95.99,9,0,3.0
145,Gol,NO,2021-04-10 15:43:27,60.7014,8.9457,28.99,52,0,7.0
146,Abalak,RU,2021-04-10 15:43:27,58.1286,68.5944,38.89,97,100,8.03
147,Kishni,IN,2021-04-10 15:43:27,27.0247,79.2634,86.81,6,42,9.28
148,Qaanaaq,GL,2021-04-10 15:43:28,77.484,-69.3632,20.75,88,100,7.36
149,Zhigansk,RU,2021-04-10 15:43:28,66.7697,123.3711,0.79,86,9,14.79
150,Rabo De Peixe,PT,2021-04-10 15:43:28,37.8,-25.5833,60.8,100,75,13.8
151,Vientiane,LA,2021-04-10 15:43:28,17.9667,102.6,86.0,68,38,3.78
152,Guerrero Negro,MX,2021-04-10 15:42:36,27.9769,-114.0611,63.16,70,80,12.15
153,Mahebourg,MU,2021-04-10 15:43:02,-20.4081,57.7,78.8,83,40,9.22
154,Dalby,AU,2021-04-10 15:43:29,-27.1833,151.2667,62.01,74,11,7.72
155,Temir,KZ,2021-04-10 15:43:29,49.1414,57.13,52.12,73,18,14.99
156,Te Anau,NZ,2021-04-10 15:43:29,-45.4167,167.7167,54.37,93,100,3.62
157,Aguimes,ES,2021-04-10 15:43:30,27.9054,-15.4461,71.6,60,20,18.41
158,Rio Gallegos,AR,2021-04-10 15:41:32,-51.6226,-69.2181,55.4,50,20,5.75
159,Presidencia Roque Saenz Pena,AR,2021-04-10 15:43:30,-26.7852,-60.4388,91.99,55,7,4.0
160,Bila Tserkva,UA,2021-04-10 15:43:31,49.8094,30.1121,48.92,49,5,6.44
161,Mancio Lima,BR,2021-04-10 15:43:31,-7.6142,-72.8958,82.4,83,75,3.44
162,Ciudad Bolivar,VE,2021-04-10 15:43:31,8.1222,-63.5497,83.35,65,100,6.96
163,Concepcion Del Uruguay,AR,2021-04-10 15:41:01,-32.4825,-58.2372,82.53,69,100,11.95
164,Aden,YE,2021-04-10 15:39:18,12.7794,45.0367,81.64,73,0,20.18
165,Walvis Bay,NA,2021-04-10 15:43:32,-22.9575,14.5053,87.01,38,0,5.99
166,Kavaratti,IN,2021-04-10 15:43:32,10.5669,72.642,83.23,69,0,5.95
167,Esperance,AU,2021-04-10 15:40:42,-33.8667,121.9,57.2,88,76,11.5
168,Mamallapuram,IN,2021-04-10 15:43:32,12.6264,80.1722,84.2,70,20,6.91
169,Nabire,ID,2021-04-10 15:43:33,-3.3667,135.4833,75.22,94,100,2.73
170,Rawson,AR,2021-04-10 15:40:53,-43.3002,-65.1023,65.7,44,4,19.8
171,Cannes,FR,2021-04-10 15:43:33,43.55,7.0167,59.0,82,90,3.44
172,Provideniya,RU,2021-04-10 15:39:37,64.3833,-173.3,-1.68,87,100,20.4
173,Capreol,CA,2021-04-10 15:43:34,46.706,-80.9225,61.0,67,75,10.36
174,Kosonsoy,UZ,2021-04-10 15:43:34,41.2561,71.5508,64.4,29,0,4.61
175,Nhulunbuy,AU,2021-04-10 15:43:34,-12.2333,136.7667,78.8,83,72,4.61
176,Dicabisagan,PH,2021-04-10 15:43:35,17.0818,122.4157,75.79,83,60,7.67
177,Saint-Pierre,RE,2021-04-10 15:43:35,-21.3393,55.4781,80.6,69,75,3.44
178,Nome,US,2021-04-10 15:43:35,64.5011,-165.4064,5.0,51,1,14.97
179,La Ronge,CA,2021-04-10 15:43:35,55.1001,-105.2842,33.8,60,100,9.22
180,Victoria,HK,2021-04-10 15:43:24,22.2855,114.1577,73.0,78,8,1.01
181,Luganville,VU,2021-04-10 15:43:36,-15.5333,167.1667,76.03,89,100,4.65
182,Sur,OM,2021-04-10 15:43:36,22.5667,59.5289,82.9,60,0,12.53
183,Ponta Do Sol,PT,2021-04-10 15:43:36,32.6667,-17.1,66.2,82,75,5.75
184,Yarmouth,US,2021-04-10 15:43:37,41.7057,-70.2286,57.0,76,90,8.05
185,Zima,RU,2021-04-10 15:43:37,53.9202,102.0442,23.2,81,23,5.84
186,Aswan,EG,2021-04-10 15:43:37,24.0934,32.907,76.78,11,0,19.75
187,Tooele,US,2021-04-10 15:43:38,40.5308,-112.2983,53.01,32,1,3.76
188,Viana,BR,2021-04-10 15:43:38,-20.3903,-40.4961,80.6,54,0,12.66
189,Saint-Philippe,RE,2021-04-10 15:43:38,-21.3585,55.7679,80.6,69,75,3.44
190,Nemuro,JP,2021-04-10 15:40:30,43.3236,145.575,34.75,76,16,7.76
191,Vanavara,RU,2021-04-10 15:39:49,60.34,102.2797,5.04,95,15,2.1
192,Sioux Lookout,CA,2021-04-10 15:40:11,50.1001,-91.917,35.6,93,90,9.22
193,Cap Malheureux,MU,2021-04-10 15:43:39,-19.9842,57.6142,80.01,76,99,7.0
194,Bengkulu,ID,2021-04-10 15:42:11,-3.8004,102.2655,77.11,89,100,4.34
195,Soyo,AO,2021-04-10 15:39:07,-6.1349,12.3689,84.2,74,75,6.91
196,Kansanshi,ZM,2021-04-10 15:43:39,-12.0951,26.4273,61.93,93,100,3.71
197,Myitkyina,MM,2021-04-10 15:43:40,25.3833,97.4,73.13,64,44,2.89
198,Avera,US,2021-04-10 15:43:40,33.194,-82.5271,71.6,78,40,12.66
199,Champasak,LA,2021-04-10 15:43:40,14.75,106.0,78.85,68,98,3.74
200,Quanzhou,CN,2021-04-10 15:43:41,24.9139,118.5858,66.2,59,0,13.42
201,Tarakan,ID,2021-04-10 15:43:41,3.3,117.6333,79.92,78,85,1.41
202,Horomerice,CZ,2021-04-10 15:43:41,50.1317,14.3388,57.99,58,20,5.75
203,Pisco,PE,2021-04-10 15:39:09,-13.7,-76.2167,72.0,68,0,5.75
204,Betafo,MG,2021-04-10 15:43:42,-19.8333,46.85,61.52,90,89,4.18
205,Santiago Del Estero,AR,2021-04-10 15:43:42,-27.7951,-64.2615,68.58,78,100,16.13
206,Kirkuk,IQ,2021-04-10 15:43:42,35.4681,44.3922,71.29,37,97,11.03
207,Arak,IR,2021-04-10 15:43:42,34.0917,49.6892,63.97,28,99,2.3
208,Bria,CF,2021-04-10 15:43:43,6.5423,21.9863,91.85,32,87,2.93
209,Isangel,VU,2021-04-10 15:43:43,-19.55,169.2667,78.31,90,100,15.21
210,Ossora,RU,2021-04-10 15:43:43,59.2353,163.0719,3.2,81,96,7.96
211,Cidreira,BR,2021-04-10 15:40:12,-30.1811,-50.2056,84.13,52,86,5.86
212,Linqu,CN,2021-04-10 15:43:44,36.5156,118.5397,53.8,63,100,8.79
213,Campbell River,CA,2021-04-10 15:39:38,50.0163,-125.2446,34.0,86,20,6.91
214,San Andres,CO,2021-04-10 15:39:21,12.5847,-81.7006,84.2,74,90,10.36
215,San Policarpo,PH,2021-04-10 15:43:44,12.1791,125.5072,79.3,80,100,10.02
216,Opuwo,NA,2021-04-10 15:42:42,-18.0607,13.84,84.52,21,2,9.82
217,Port Hedland,AU,2021-04-10 15:43:44,-20.3167,118.5667,84.2,84,75,6.91
218,Hirara,JP,2021-04-10 15:43:45,24.8,125.2833,72.43,72,19,21.88
219,Morrope,PE,2021-04-10 15:43:45,-6.5417,-80.0111,75.2,83,20,2.3
220,Norrkoping,SE,2021-04-10 15:43:45,58.5942,16.1826,51.01,34,20,18.41
221,Skjervoy,NO,2021-04-10 15:40:46,70.0311,20.9714,35.06,55,20,19.51
222,Mnogovershinnyy,RU,2021-04-10 15:43:46,53.9353,139.9242,26.01,87,9,5.17
223,Thanh Hoa,VN,2021-04-10 15:43:46,19.8,105.7667,71.55,97,51,2.01
224,Souillac,MU,2021-04-10 15:43:46,-20.5167,57.5167,78.8,83,40,9.22
225,Lamar,US,2021-04-10 15:43:47,33.6668,-95.5836,57.99,58,1,18.41
226,Emba,KZ,2021-04-10 15:43:47,48.8264,58.1442,51.82,56,7,13.18
227,Kiunga,PG,2021-04-10 15:43:47,-6.1219,141.2906,72.75,99,93,1.81
228,Shelburne,CA,2021-04-10 15:43:47,44.0787,-80.2041,66.99,57,99,11.39
229,Mus,TR,2021-04-10 15:39:39,39.0,41.75,51.94,70,75,13.89
230,Betma,IN,2021-04-10 15:43:48,22.6833,75.6167,84.2,13,6,4.61
231,Narsaq,GL,2021-04-10 15:43:48,60.9167,-46.05,42.8,61,75,5.75
232,Ugoofaaru,MV,2021-04-10 15:43:48,5.6667,73.0,83.88,66,77,2.1
233,Duncan,US,2021-04-10 15:43:49,34.5023,-97.9578,57.99,47,1,18.41
234,Tomatlan,MX,2021-04-10 15:43:49,19.9333,-105.25,83.95,37,7,3.71
235,Ewa Beach,US,2021-04-10 15:43:49,21.3156,-158.0072,69.8,77,90,3.44
236,Saldanha,ZA,2021-04-10 15:43:49,-33.0117,17.9442,73.4,60,98,13.02
237,Alice Springs,AU,2021-04-10 15:43:50,-23.7,133.8833,64.99,59,0,8.05
238,Abay,KZ,2021-04-10 15:43:50,49.6311,72.8539,41.0,56,0,17.9
239,Nikolayevsk-Na-Amure,RU,2021-04-10 15:43:50,53.1406,140.73,27.28,93,61,4.38
240,Purpe,RU,2021-04-10 15:43:51,64.4803,76.6897,33.94,94,100,11.99
241,Hay River,CA,2021-04-10 15:43:51,60.8156,-115.7999,-4.0,65,92,8.05
242,Egvekinot,RU,2021-04-10 15:43:51,66.3167,-179.1667,-4.72,82,100,11.32
243,Tabou,CI,2021-04-10 15:43:51,4.423,-7.3528,84.88,70,100,12.08
244,Kidal,ML,2021-04-10 15:39:14,18.4411,1.4078,101.43,5,0,4.0
245,Asau,RO,2021-04-10 15:39:39,46.4333,26.4,57.2,26,0,11.5
246,Bugulma,RU,2021-04-10 15:43:52,54.55,52.8,43.18,90,100,11.12
247,Nikolskoye,RU,2021-04-10 15:43:52,59.7035,30.7861,43.0,75,75,13.42
248,Juneau,US,2021-04-10 15:43:52,58.3019,-134.4197,28.4,69,75,4.61
249,Beisfjord,NO,2021-04-10 15:43:53,68.3751,17.5988,32.0,86,90,8.05
250,Pacifica,US,2021-04-10 15:39:03,37.6138,-122.4869,52.0,71,20,5.75
251,Vestmannaeyjar,IS,2021-04-10 15:43:09,63.4427,-20.2734,32.79,62,61,3.13
252,Tatvan,TR,2021-04-10 15:43:53,38.5067,42.2817,48.74,77,61,9.26
253,Kuching,MY,2021-04-10 15:43:53,1.55,110.3333,78.8,94,20,1.14
254,Sao Filipe,CV,2021-04-10 15:43:54,14.8961,-24.4956,77.14,60,6,16.22
255,Alofi,NU,2021-04-10 15:39:34,-19.0595,-169.9187,73.4,94,31,2.3
256,Ca Mau,VN,2021-04-10 15:43:54,9.1769,105.15,81.16,74,8,8.84
257,Tasiilaq,GL,2021-04-10 15:43:54,65.6145,-37.6368,28.4,74,75,8.05
258,Yar-Sale,RU,2021-04-10 15:43:55,66.8333,70.8333,30.85,92,58,14.14
259,Qasigiannguit,GL,2021-04-10 15:43:20,68.8193,-51.1922,21.2,86,90,8.05
260,Saint-Georges,GD,2021-04-10 15:43:55,12.0564,-61.7485,86.0,66,40,6.91
261,Gunnedah,AU,2021-04-10 15:43:55,-30.9833,150.25,57.0,65,17,3.0
262,Voi,KE,2021-04-10 15:43:56,-3.3945,38.563,80.44,59,99,12.55
263,Ingham,US,2021-04-10 15:43:56,42.6,-84.3833,69.01,56,1,8.05
264,Bom Jesus Da Lapa,BR,2021-04-10 15:43:24,-13.255,-43.4181,92.95,28,97,8.34
265,Bubaque,GW,2021-04-10 15:42:52,11.2833,-15.8333,77.54,71,4,12.19
266,Lebu,CL,2021-04-10 15:43:56,-37.6167,-73.65,57.4,69,7,12.12
267,Carbonia,IT,2021-04-10 15:43:57,39.1672,8.5222,62.6,82,40,17.27
268,Bonavista,CA,2021-04-10 15:43:57,48.6499,-53.1147,33.01,100,100,6.91
269,Shenjiamen,CN,2021-04-10 15:43:57,29.9576,122.298,58.78,89,100,13.11
270,Le Port,RE,2021-04-10 15:43:58,-20.9373,55.2919,80.01,65,75,6.91
271,Keffi,NG,2021-04-10 15:43:58,8.8486,7.8736,98.6,36,20,9.22
272,Lethem,GY,2021-04-10 15:43:58,3.3803,-59.7968,87.19,57,86,6.64
273,Pedro Ii,BR,2021-04-10 15:43:59,-4.4247,-41.4586,87.17,41,48,6.82
274,Tilichiki,RU,2021-04-10 15:43:59,60.4667,166.1,5.13,90,100,13.13
275,Luau,AO,2021-04-10 15:43:59,-10.7073,22.2247,65.64,92,100,4.03
276,Batemans Bay,AU,2021-04-10 15:43:59,-35.7167,150.1833,54.0,84,0,1.99
277,Husavik,IS,2021-04-10 15:44:00,66.0449,-17.3389,35.6,30,0,5.75
278,Sampit,ID,2021-04-10 15:44:00,-2.5333,112.95,74.59,98,54,2.13
279,Carpi,IT,2021-04-10 15:44:00,44.7824,10.8777,55.0,47,100,1.68
280,Curvelo,BR,2021-04-10 15:43:40,-18.7564,-44.4308,83.75,31,0,4.63
281,Samarai,PG,2021-04-10 15:44:01,-10.6167,150.6667,80.31,77,98,12.8
282,Wolfurt,AT,2021-04-10 15:44:01,47.4667,9.75,62.01,47,0,6.91
283,Port Blair,IN,2021-04-10 15:44:01,11.6667,92.75,82.51,74,22,5.5
284,Mar Del Plata,AR,2021-04-10 15:44:02,-38.0023,-57.5575,64.99,82,75,13.8
285,Xinye,CN,2021-04-10 15:44:02,32.5186,112.3522,57.94,72,100,2.13
286,Taltal,CL,2021-04-10 15:41:11,-25.4,-70.4833,67.33,72,100,5.32
287,Coos Bay,US,2021-04-10 15:44:02,43.3665,-124.2179,45.0,93,90,4.61
288,Kodiak,US,2021-04-10 15:39:07,57.79,-152.4072,28.4,64,90,4.61
289,Weihe,CN,2021-04-10 15:44:03,32.9952,105.3247,47.37,98,100,2.13
290,Beba,CU,2021-04-10 15:39:49,22.4437,-79.7253,82.4,57,20,12.66
291,Longyearbyen,SJ,2021-04-10 15:40:43,78.2186,15.6401,24.8,74,75,24.16
292,Muros,ES,2021-04-10 15:39:54,42.7762,-9.0603,57.99,84,99,5.55
293,Klaksvik,FO,2021-04-10 15:44:03,62.2266,-6.589,30.2,64,40,19.57
294,Srednekolymsk,RU,2021-04-10 15:44:04,67.45,153.6833,-10.68,97,100,7.65
295,San Patricio,US,2021-04-10 15:44:04,28.017,-97.5169,73.0,73,75,23.02
296,Vostok,RU,2021-04-10 15:44:04,46.4856,135.8833,28.42,69,0,5.99
297,Ostrovnoy,RU,2021-04-10 15:43:07,68.0531,39.5131,35.85,79,90,33.82
298,Morondava,MG,2021-04-10 15:44:05,-20.2833,44.2833,80.28,68,67,11.45
299,Sunrise Manor,US,2021-04-10 15:44:05,36.2111,-115.0731,70.0,15,1,1.43
300,Lorengau,PG,2021-04-10 15:41:01,-2.0226,147.2712,80.11,80,100,15.46
301,Berlevag,NO,2021-04-10 15:44:05,70.8578,29.0864,29.84,70,84,10.96
302,Njombe,TZ,2021-04-10 15:44:06,-9.3333,34.7667,57.29,98,97,5.55
303,Ceres,US,2021-04-10 15:44:06,37.5949,-120.9577,50.0,71,1,11.5
304,Milkovo,RU,2021-04-10 15:44:06,54.7167,158.6167,18.99,94,82,1.3
305,Rimouski,CA,2021-04-10 15:44:07,48.4488,-68.524,39.2,75,34,19.57
306,Bor,RU,2021-04-10 15:44:07,56.3567,44.0669,48.2,34,0,4.47
307,Yarim,YE,2021-04-10 15:44:07,14.298,44.3779,61.97,30,43,13.0
308,Shimoda,JP,2021-04-10 15:44:07,34.6667,138.95,48.99,47,99,5.99
309,Altamira,BR,2021-04-10 15:44:08,-3.2033,-52.2064,86.0,74,40,3.44
310,Pembroke,CA,2021-04-10 15:42:41,45.8168,-77.1162,66.99,72,1,8.05
311,Hwange,ZW,2021-04-10 15:42:11,-18.3693,26.5019,75.83,39,0,4.56
312,Jaciara,BR,2021-04-10 15:44:08,-15.9653,-54.9683,88.7,44,28,6.15
313,Sitka,US,2021-04-10 15:44:08,57.0531,-135.33,32.0,93,90,5.75
314,Majene,ID,2021-04-10 15:42:11,-3.5403,118.9707,79.0,84,100,4.23
315,Traverse City,US,2021-04-10 15:40:59,44.7631,-85.6206,55.4,76,90,6.91
316,Menongue,AO,2021-04-10 15:44:09,-14.6585,17.691,71.22,60,80,4.45
317,Basoko,CD,2021-04-10 15:44:09,1.2391,23.616,83.48,63,97,2.75
318,Kloulklubed,PW,2021-04-10 15:44:09,7.0419,134.2556,78.8,89,75,9.98
319,Kununurra,AU,2021-04-10 15:39:35,-15.7667,128.7333,71.6,88,63,1.14
320,Porterville,US,2021-04-10 15:44:10,36.0652,-119.0168,55.0,76,1,5.75
321,The Valley,AI,2021-04-10 15:44:10,18.217,-63.0578,82.4,73,20,9.22
322,Sulangan,PH,2021-04-10 15:44:10,11.1373,123.7228,82.2,74,92,18.25
323,Islahiye,TR,2021-04-10 15:44:11,37.025,36.6306,51.01,76,75,14.97
324,Pa Sang,TH,2021-04-10 15:44:11,18.5262,98.9394,79.0,88,75,10.36
325,Codrington,AU,2021-04-10 15:44:11,-38.2667,141.9667,50.7,64,100,28.12
326,Nortelandia,BR,2021-04-10 15:44:12,-14.4547,-56.8028,88.52,51,79,4.88
327,Ambilobe,MG,2021-04-10 15:44:12,-13.2,49.05,76.03,87,66,3.15
328,Banda Aceh,ID,2021-04-10 15:44:12,5.5577,95.3222,80.47,80,58,8.84
329,Upernavik,GL,2021-04-10 15:44:12,72.7868,-56.1549,18.46,84,100,11.14
330,Kaeo,NZ,2021-04-10 15:44:13,-35.1,173.7833,63.0,97,52,3.0
331,Opunake,NZ,2021-04-10 15:44:13,-39.4556,173.8583,61.0,96,12,7.0
332,Pedernales,DO,2021-04-10 15:44:13,18.0384,-71.744,82.15,60,28,7.56
333,Bereda,ES,2021-04-10 15:44:14,43.2686,-7.5406,57.2,94,75,4.61
334,Banjar,ID,2021-04-10 15:44:14,-8.19,114.9675,82.4,89,20,5.75
335,Uvalde,US,2021-04-10 15:44:14,29.3669,-99.767,71.01,35,1,11.5
336,Tigil,RU,2021-04-10 15:44:15,57.8,158.6667,-4.23,100,85,3.13
337,Wajima,JP,2021-04-10 15:44:15,37.4,136.9,44.6,66,0,9.19
338,Marsh Harbour,BS,2021-04-10 15:44:15,26.5412,-77.0636,75.83,64,2,16.06
339,Gulfport,US,2021-04-10 15:44:15,30.3674,-89.0928,64.4,88,75,17.27
340,Karasjok,NO,2021-04-10 15:44:16,69.4719,25.5112,35.6,44,0,3.44
341,Beloha,MG,2021-04-10 15:44:16,-25.1667,45.05,74.61,76,5,11.92
342,Avare,BR,2021-04-10 15:44:16,-23.0986,-48.9258,80.38,35,39,4.16
343,Zabol,AF,2021-04-10 15:44:17,32.25,67.25,64.0,16,18,9.17
344,Bilibino,RU,2021-04-10 15:40:54,68.0546,166.4372,-13.92,85,99,5.48
345,Teahupoo,PF,2021-04-10 15:44:17,-17.8333,-149.2667,77.0,78,40,12.19
346,Towada,JP,2021-04-10 15:44:17,40.6127,141.2067,36.0,71,71,5.21
347,Caravelas,BR,2021-04-10 15:39:43,-17.7125,-39.2481,83.17,57,37,8.99
348,Singleton,AU,2021-04-10 15:44:18,-32.5667,151.1833,55.99,90,5,5.32
349,Tungor,RU,2021-04-10 15:44:18,53.3808,142.9564,25.56,89,24,10.27
350,Lavrentiya,RU,2021-04-10 15:42:38,65.5833,-171.0,-7.13,88,100,11.45
351,Arlit,NE,2021-04-10 15:41:06,18.7369,7.3853,102.85,4,0,8.88
352,Mount Isa,AU,2021-04-10 15:44:18,-20.7333,139.5,80.6,24,49,19.57
353,Ruyigi,BI,2021-04-10 15:44:19,-3.45,30.3167,60.78,96,87,3.04
354,Touros,BR,2021-04-10 15:43:26,-5.1989,-35.4608,84.2,70,40,11.5
355,Tautira,PF,2021-04-10 15:44:19,-17.7333,-149.15,77.0,78,40,12.06
356,Bud,US,2021-04-10 15:44:19,39.447,-86.1758,64.0,88,75,10.36
357,Arman,RU,2021-04-10 15:44:20,59.7,150.1667,8.11,76,65,10.51
358,Faanui,PF,2021-04-10 15:44:20,-16.4833,-151.75,81.72,75,97,9.89
359,Sisimiut,GL,2021-04-10 15:44:20,66.9395,-53.6735,27.57,81,98,5.28
360,Estreito,BR,2021-04-10 15:44:21,-5.7833,-43.25,86.43,51,100,6.08
361,Rocha,UY,2021-04-10 15:44:21,-34.4833,-54.3333,65.7,99,100,6.15
362,Yakeshi,CN,2021-04-10 15:44:21,49.2833,120.7333,35.76,38,74,5.46
363,Omsukchan,RU,2021-04-10 15:44:22,62.5333,155.8,-4.9,99,100,5.08
364,Troy,US,2021-04-10 15:39:49,42.6056,-83.1499,68.0,63,1,4.61
365,Kualakapuas,ID,2021-04-10 15:44:22,-3.0091,114.3876,77.0,94,90,3.44
366,Leshukonskoye,RU,2021-04-10 15:44:22,64.8989,45.7622,40.19,82,100,14.58
367,Jasper,US,2021-04-10 15:44:22,37.2001,-94.3502,50.0,81,75,16.11
368,North Bend,US,2021-04-10 15:44:23,43.4065,-124.2243,45.0,93,90,4.61
369,Dingle,PH,2021-04-10 15:44:23,10.9995,122.6711,76.44,79,66,5.66
370,Havoysund,NO,2021-04-10 15:41:21,70.9963,24.6622,35.6,55,75,18.41
371,Jatiroto,ID,2021-04-10 15:44:23,-7.8833,111.1167,75.83,90,100,2.1
372,Korla,CN,2021-04-10 15:44:24,41.7597,86.1469,59.38,39,2,5.19
373,Auki,SB,2021-04-10 15:44:24,-8.7676,160.7034,76.35,87,100,4.07
374,Uyuni,BO,2021-04-10 15:44:24,-20.4597,-66.825,60.96,22,14,12.73
375,Waingapu,ID,2021-04-10 15:44:25,-9.6567,120.2641,76.95,81,0,4.34
376,Kahului,US,2021-04-10 15:44:25,20.8947,-156.47,66.2,82,1,3.44
377,Susanville,US,2021-04-10 15:41:50,40.4163,-120.653,46.4,57,1,3.24
378,Vanimo,PG,2021-04-10 15:44:25,-2.6741,141.3028,76.41,90,100,5.1
379,Vardo,NO,2021-04-10 15:40:29,70.3705,31.1107,31.84,77,100,11.36
380,Carauari,BR,2021-04-10 15:44:26,-4.8828,-66.8958,84.92,72,100,1.97
381,Ewo,CG,2021-04-10 15:44:26,-0.8725,14.8206,83.1,62,100,6.53
382,Northam,GB,2021-04-10 15:44:26,51.0333,-4.2167,48.0,69,44,3.0
383,Tommot,RU,2021-04-10 15:44:27,58.9564,126.2925,8.51,92,100,5.84
384,Kasongo-Lunda,CD,2021-04-10 15:44:27,-6.4667,16.8167,74.08,92,100,0.65
385,High Level,CA,2021-04-10 15:44:27,58.5169,-117.136,10.4,72,75,25.32
386,Waddan,LY,2021-04-10 15:44:28,29.1614,16.139,74.03,23,64,17.27
387,Geraldton,AU,2021-04-10 15:44:28,-28.7667,114.6,77.0,47,90,21.85
388,Broome,US,2021-04-10 15:44:28,42.2506,-75.833,64.0,73,73,1.99
389,Omboue,GA,2021-04-10 15:44:28,-1.5746,9.2618,79.93,83,100,7.49
390,Ust-Tsilma,RU,2021-04-10 15:44:29,65.441,52.1498,40.64,71,100,14.41
391,Barreirinha,BR,2021-04-10 15:44:29,-2.7933,-57.07,84.24,75,29,4.0
392,Uglich,RU,2021-04-10 15:40:20,57.5275,38.3317,43.27,63,24,11.16
393,Meulaboh,ID,2021-04-10 15:44:29,4.1363,96.1285,78.98,85,95,1.59
394,Fernandez,AR,2021-04-10 15:44:30,-27.9204,-63.8935,70.92,78,100,15.37
395,Half Moon Bay,US,2021-04-10 15:44:30,37.4636,-122.4286,53.01,76,1,9.22
396,Pitelino,RU,2021-04-10 15:44:30,54.5777,41.8145,43.16,63,9,5.26
397,Beringovskiy,RU,2021-04-10 15:44:30,63.05,179.3167,5.16,94,100,17.69
398,Oruro,BO,2021-04-10 15:44:31,-17.9833,-67.15,57.2,51,75,6.91
399,Beira,MZ,2021-04-10 15:44:31,-19.8436,34.8389,80.6,69,20,9.06
400,Daru,PG,2021-04-10 15:44:31,-9.0763,143.2092,77.74,83,83,2.48
401,Clarence Town,AU,2021-04-10 15:44:32,-32.5833,151.7833,60.01,63,1,11.5
402,Gorin,RU,2021-04-10 15:44:32,51.1983,136.6669,31.46,81,28,5.1
403,Kenora,CA,2021-04-10 15:44:32,49.8167,-94.4337,39.2,81,40,8.05
404,Mwene-Ditu,CD,2021-04-10 15:44:32,-7.0,23.45,69.67,91,98,7.49
405,Santa Rosa,PH,2021-04-10 15:44:33,14.3122,121.1114,81.0,74,20,9.22
406,Vila Franca Do Campo,PT,2021-04-10 15:44:33,37.7167,-25.4333,60.8,100,75,13.8
407,Fairbanks,US,2021-04-10 15:40:08,64.8378,-147.7164,-20.2,69,1,8.05
408,Bathurst,AU,2021-04-10 15:44:33,-33.4166,149.5806,46.0,86,34,9.15
409,Dhidhdhoo,MV,2021-04-10 15:44:34,6.8833,73.1,83.91,63,11,0.94
410,Novo Aripuana,BR,2021-04-10 15:44:34,-5.1206,-60.3797,88.7,58,100,0.47
411,Retalhuleu,GT,2021-04-10 15:44:34,14.5333,-91.6833,82.4,78,20,3.85
412,Bowen,AU,2021-04-10 15:44:34,-20.0167,148.2333,75.2,94,90,4.61
413,Camopi,GF,2021-04-10 15:44:35,3.1655,-52.3158,79.27,89,96,3.09
414,Houma,US,2021-04-10 15:43:05,29.5958,-90.7195,62.6,94,75,11.5
415,Kortkeros,RU,2021-04-10 15:44:35,61.8106,51.5806,42.8,39,0,6.71
416,Teyateyaneng,LS,2021-04-10 15:44:36,-29.1472,27.7489,66.47,34,22,3.27
417,Teya,RU,2021-04-10 15:44:36,60.3778,92.6267,10.04,98,29,2.86
418,Hantsport,CA,2021-04-10 15:44:36,45.0668,-64.1654,50.0,43,81,3.44
419,Ahipara,NZ,2021-04-10 15:44:37,-35.1667,173.1667,63.9,94,24,0.96
420,Teguise,ES,2021-04-10 15:44:37,29.0605,-13.564,75.2,41,20,11.5
421,Bajil,YE,2021-04-10 15:44:37,15.0584,43.2851,89.11,35,6,3.62
422,Mateo,HN,2021-04-10 15:44:37,14.0833,-87.3167,75.2,69,40,11.5
423,Makushino,RU,2021-04-10 15:44:38,55.2103,67.2442,34.47,97,100,6.24
424,Agdam,AZ,2021-04-10 15:44:38,39.991,46.9274,59.23,75,100,2.64
425,Nabisar,PK,2021-04-10 15:44:38,25.0685,69.6419,88.68,12,0,9.53
426,East Point,US,2021-04-10 15:44:39,33.6796,-84.4394,62.6,94,90,9.22
427,Lata,PT,2021-04-10 15:44:39,40.1629,-8.3327,62.01,88,75,5.75
428,Yining,CN,2021-04-10 15:44:39,29.0361,114.5636,56.35,97,100,1.32
429,Waterloo,CA,2021-04-10 15:41:49,43.4668,-80.5164,64.99,67,20,11.5
430,Pangkalanbuun,ID,2021-04-10 15:44:39,-2.6833,111.6167,75.51,94,45,0.76
431,Muisne,EC,2021-04-10 15:44:40,0.6,-80.0333,84.2,89,20,5.75
432,Azua,DO,2021-04-10 15:44:40,18.4532,-70.7349,82.4,61,40,9.22
433,Isabela,PH,2021-04-10 15:43:18,6.7085,121.9711,77.0,94,90,2.3
434,Richards Bay,ZA,2021-04-10 15:44:40,-28.783,32.0377,74.12,77,3,11.16
435,Salalah,OM,2021-04-10 15:40:32,17.0151,54.0924,82.4,74,0,9.22
436,Costinesti,RO,2021-04-10 15:44:41,43.95,28.6333,50.0,46,0,14.97
437,Severo-Yeniseyskiy,RU,2021-04-10 15:44:41,60.3725,93.0408,8.87,96,23,3.8
438,Cabo San Lucas,MX,2021-04-10 15:44:30,22.8909,-109.9124,71.01,78,75,4.61
439,Sembakung,ID,2021-04-10 15:44:42,3.8167,117.25,73.54,94,82,1.05
440,Chengde,CN,2021-04-10 15:44:42,40.9725,117.9361,54.16,51,89,5.08
441,Nuuk,GL,2021-04-10 15:41:01,64.1835,-51.7216,30.2,100,90,6.91
442,Bartica,GY,2021-04-10 15:44:42,6.4,-58.6167,82.4,78,75,4.61
443,Formosa,AR,2021-04-10 15:40:55,-26.1775,-58.1781,89.6,58,0,10.36
444,Nova Vicosa,BR,2021-04-10 15:44:43,-17.8919,-39.3719,81.55,63,34,9.44
445,Sambava,MG,2021-04-10 15:44:43,-14.2667,50.1667,77.29,87,100,7.11
446,Goalpara,IN,2021-04-10 15:44:43,26.1667,90.6167,81.97,43,1,1.7
447,Balagansk,RU,2021-04-10 15:44:44,54.0103,103.0544,22.64,85,91,7.09
448,Margate,GB,2021-04-10 15:44:44,51.3813,1.3862,45.0,84,100,4.0
449,Adeje,ES,2021-04-10 15:44:44,28.1227,-16.726,73.0,60,40,12.66
450,Hovd,MN,2021-04-10 15:44:44,48.0056,91.6419,33.12,57,100,0.96
451,Innisfail,AU,2021-04-10 15:44:45,-17.5333,146.0333,74.07,89,56,4.36
452,Kaoma,ZM,2021-04-10 15:44:45,-14.7833,24.8,70.81,57,5,4.65
453,Pathein,MM,2021-04-10 15:44:45,16.7833,94.7333,79.05,78,3,5.75
454,Pervomayskoye,RU,2021-04-10 15:44:46,43.919,46.7102,55.67,61,96,9.31
455,Marzuq,YE,2021-04-10 15:44:46,14.4,46.4667,72.84,35,2,11.54
456,Road Town,VG,2021-04-10 15:40:55,18.4167,-64.6167,82.4,51,20,9.22
457,Mattru,SL,2021-04-10 15:44:46,7.6244,-11.8332,88.59,58,100,5.26
458,Kangaatsiaq,GL,2021-04-10 15:44:47,68.3065,-53.4641,21.65,77,100,0.29
459,Ixtapa,MX,2021-04-10 15:44:47,20.7,-105.2,77.0,69,20,4.27
460,Lakes Entrance,AU,2021-04-10 15:44:47,-37.8811,147.981,46.99,83,89,3.0
461,Namatanai,PG,2021-04-10 15:44:48,-3.6667,152.4333,78.33,85,100,8.21
462,Marawi,PH,2021-04-10 15:44:48,7.9986,124.2928,79.0,88,100,7.0
463,Okahandja,NA,2021-04-10 15:44:48,-21.9833,16.9167,80.6,26,1,8.05
464,Luangwa,ZM,2021-04-10 15:44:48,-15.6167,30.4167,74.44,54,1,1.88
465,Riyadh,SA,2021-04-10 15:40:27,24.6877,46.7219,96.8,7,40,10.36
466,Rio Do Sul,BR,2021-04-10 15:44:25,-27.2142,-49.6431,91.0,57,16,1.01
467,Turukhansk,RU,2021-04-10 15:44:49,65.8167,87.9833,32.85,92,100,17.63
468,Nyuksenitsa,RU,2021-04-10 15:44:49,60.4128,44.2397,39.04,76,14,10.49
469,Aykhal,RU,2021-04-10 15:41:34,66.0,111.5,-7.91,100,82,8.39
470,Enid,US,2021-04-10 15:42:05,36.3956,-97.8784,52.0,58,1,19.57
471,Kargasok,RU,2021-04-10 15:44:50,59.0556,80.8572,30.72,91,27,5.88
472,Alekseyevsk,RU,2021-04-10 15:44:50,57.8406,108.3492,6.22,96,99,1.72
473,Bathsheba,BB,2021-04-10 15:44:50,13.2167,-59.5167,80.6,61,20,10.36
474,Atasu,KZ,2021-04-10 15:44:51,48.6814,71.6433,48.04,67,96,28.74
475,Santa Helena De Goias,BR,2021-04-10 15:44:51,-17.8136,-50.5969,85.53,36,0,8.48
476,Ivanteyevka,RU,2021-04-10 15:44:51,55.9711,37.9208,51.8,32,0,8.95
477,Dmitriyevka,RU,2021-04-10 15:44:51,54.75,55.3333,57.2,51,0,4.47
478,Chimbote,PE,2021-04-10 15:44:52,-9.0853,-78.5783,72.68,78,97,8.16
479,Saint-Louis,SN,2021-04-10 15:44:52,16.3333,-15.0,107.6,12,0,9.69
480,Mayskiy,RU,2021-04-10 15:44:52,47.6931,40.1025,53.6,43,20,8.95
481,Broken Hill,AU,2021-04-10 15:40:07,-31.95,141.4333,55.4,58,0,18.41
482,Padang,ID,2021-04-10 15:44:53,-0.9492,100.3543,77.0,94,40,2.3
483,Atar,MR,2021-04-10 15:44:53,20.5169,-13.0499,99.09,10,0,10.4
484,Matagami,CA,2021-04-10 15:44:53,49.7502,-77.6328,62.6,63,1,16.11
485,Gavle,SE,2021-04-10 15:44:54,60.6745,17.1417,48.99,23,51,11.01
486,Dickinson,US,2021-04-10 15:44:54,29.4608,-95.0513,73.0,88,90,17.27
487,Sungaipenuh,ID,2021-04-10 15:44:54,-2.0833,101.3833,65.21,95,100,2.26
488,Stornoway,GB,2021-04-10 15:44:54,58.2093,-6.3865,41.0,65,20,5.75
489,Qaqortoq,GL,2021-04-10 15:43:03,60.7167,-46.0333,42.8,61,75,5.75
490,Galveston,US,2021-04-10 15:44:49,29.3669,-94.9669,75.2,88,90,16.96
491,Bandarbeyla,SO,2021-04-10 15:44:55,9.4942,50.8122,80.26,69,16,10.74
492,Bandora,IN,2021-04-10 15:44:55,15.4,73.9667,86.0,62,40,6.91
493,Marienberg,DE,2021-04-10 15:44:55,50.65,13.1667,48.99,80,100,2.46
494,Gayeri,BF,2021-04-10 15:44:56,12.6497,0.4931,106.7,4,66,10.07
495,Effingham,US,2021-04-10 15:44:56,32.3669,-81.3332,75.2,69,1,6.91
496,Bousso,TD,2021-04-10 15:44:56,10.4795,16.7117,105.42,9,100,8.9
497,Lagos,NG,2021-04-10 15:41:35,6.5833,3.75,91.4,62,75,9.22
498,Moa,CU,2021-04-10 15:44:57,20.6569,-74.9403,81.52,60,100,10.87
499,Olavarria,AR,2021-04-10 15:44:57,-36.8927,-60.3225,61.0,96,100,5.01
500,Yumbe,UG,2021-04-10 15:44:57,3.4651,31.2469,67.48,82,96,4.7
501,Tucuman,AR,2021-04-10 15:40:22,-26.8241,-65.2226,69.8,94,90,9.22
502,Pitea,SE,2021-04-10 15:44:58,65.3172,21.4794,33.8,80,20,5.75
503,Krasnoselkup,RU,2021-04-10 15:40:22,65.7,82.4667,32.47,98,100,14.05
504,Ballina,AU,2021-04-10 15:44:58,-28.8667,153.5667,68.0,68,10,5.75
505,Limoges,FR,2021-04-10 15:44:58,45.75,1.3333,57.0,76,90,9.22
506,Kichera,RU,2021-04-10 15:44:59,55.9375,110.0997,10.36,79,16,7.31
507,Montepuez,MZ,2021-04-10 15:44:59,-13.1256,38.9997,71.22,88,94,4.72
508,Langfang,CN,2021-04-10 15:44:59,39.5097,116.6947,64.0,43,65,10.51
509,Sheridan,US,2021-04-10 15:43:13,44.8333,-106.9173,57.0,40,1,3.44
510,Faro,PT,2021-04-10 15:44:17,37.0194,-7.9322,66.2,82,20,11.5
511,Icatu,BR,2021-04-10 15:45:00,-2.7758,-44.0658,89.6,66,40,12.66
512,Hutchinson,US,2021-04-10 15:40:06,38.0608,-97.9298,51.01,61,90,12.66
513,Neryungri,RU,2021-04-10 15:45:00,56.6709,124.6491,1.63,96,97,5.77
514,Santa Isabel Do Rio Negro,BR,2021-04-10 15:45:00,-0.4139,-65.0192,90.03,52,84,4.47
515,Port Macquarie,AU,2021-04-10 15:45:01,-31.4333,152.9167,57.0,91,4,5.46
516,Ayagoz,KZ,2021-04-10 15:45:01,47.9714,80.4392,43.27,51,3,14.67
517,Kirando,TZ,2021-04-10 15:45:01,-7.4167,30.6,71.31,83,100,3.85
518,Hanzhong,CN,2021-04-10 15:45:02,33.0728,107.0303,53.67,88,100,1.86
519,Flinders,AU,2021-04-10 15:45:02,-34.5833,150.8552,61.0,62,0,4.0
520,Ust-Koksa,RU,2021-04-10 15:45:03,50.2696,85.6108,29.82,86,3,2.82
521,Bilma,NE,2021-04-10 15:45:03,18.6853,12.9164,100.76,3,32,11.56
522,Abu Zabad,SD,2021-04-10 15:45:04,12.35,29.25,93.38,6,97,10.92
523,High Rock,BS,2021-04-10 15:45:04,26.6208,-78.2833,78.8,65,75,17.31
524,Songkhla,TH,2021-04-10 15:45:04,6.8333,100.6667,82.4,89,20,3.44
525,Marica,BR,2021-04-10 15:43:07,-22.9194,-42.8186,86.0,54,0,6.91
526,Labuhan,ID,2021-04-10 15:45:05,-6.8844,112.2051,79.29,85,84,3.22
527,Balabac,PH,2021-04-10 15:45:05,7.9868,117.0645,80.4,80,100,9.6
528,Prokudskoye,RU,2021-04-10 15:45:05,55.0089,82.4574,37.4,56,0,6.71
529,Camacha,PT,2021-04-10 15:45:06,33.0833,-16.3333,68.0,77,20,12.66
530,Tamiahua,MX,2021-04-10 15:45:06,21.2667,-97.45,88.63,53,0,15.93
531,Kamenka,RU,2021-04-10 15:45:06,51.3223,42.7678,38.75,90,100,11.92
532,Palmer,US,2021-04-10 15:44:16,42.1584,-72.3287,66.99,55,40,5.75
533,Tyrma,RU,2021-04-10 15:45:06,50.0833,132.1667,37.49,73,100,3.31
534,San Cristobal,VE,2021-04-10 15:45:07,7.7669,-72.225,84.2,51,40,18.41
535,Nagato,JP,2021-04-10 15:45:07,34.3833,131.2,51.8,66,0,6.91
536,Novominskaya,RU,2021-04-10 15:45:07,46.3163,38.9586,47.89,75,95,4.85
537,Inta,RU,2021-04-10 15:45:08,66.0317,60.1659,37.4,63,32,21.21
538,Nagaur,IN,2021-04-10 15:45:08,27.2,73.7333,85.46,7,3,10.98
539,Tual,ID,2021-04-10 15:45:08,-5.6667,132.75,82.83,70,100,6.71
540,Thai Nguyen,VN,2021-04-10 15:45:09,21.5928,105.8442,68.0,100,75,4.61
541,Sorland,NO,2021-04-10 15:45:09,67.667,12.6934,38.05,66,81,23.85
542,Anshun,CN,2021-04-10 15:45:09,26.25,105.9333,50.07,97,100,4.27
543,Mogwase,ZA,2021-04-10 15:45:09,-25.185,27.2665,78.31,24,0,4.27
544,Birjand,IR,2021-04-10 15:45:10,32.8663,59.2211,75.2,7,20,6.91
545,Haines Junction,CA,2021-04-10 15:45:10,60.7522,-137.5108,-7.6,45,99,5.75
546,Inhapim,BR,2021-04-10 15:45:10,-19.5492,-42.12,80.6,50,0,3.44
547,Batagay-Alyta,RU,2021-04-10 15:45:11,67.8006,130.4114,-18.9,86,82,6.91
548,Jacareacanga,BR,2021-04-10 15:45:11,-6.2222,-57.7528,85.05,69,92,3.65
549,Leninskoye,KZ,2021-04-10 15:45:11,41.7589,69.3864,66.2,37,0,4.61
550,Tignere,CM,2021-04-10 15:45:12,7.3667,12.65,88.3,25,89,7.0
551,Santiago,CL,2021-04-10 15:45:12,-33.4569,-70.6483,66.99,62,75,4.61
552,Wangkui,CN,2021-04-10 15:45:12,46.8333,126.5,52.92,42,100,4.61
553,Souris,CA,2021-04-10 15:45:13,49.6172,-100.2612,51.01,41,40,3.44
554,Iskateley,RU,2021-04-10 15:45:13,67.6803,53.1512,37.85,81,100,23.29
555,Coahuayana,MX,2021-04-10 15:45:13,18.7333,-103.6833,71.6,49,1,4.47
556,Baculin,PH,2021-04-10 15:45:13,7.4525,126.5842,77.41,88,77,7.14
557,Doha,QA,2021-04-10 15:42:13,25.2867,51.5333,79.0,78,0,8.05
558,Vao,NC,2021-04-10 15:45:14,-22.6667,167.4833,78.08,88,100,39.93
559,Cuamba,MZ,2021-04-10 15:45:14,-14.8031,36.5372,69.58,87,100,3.89
560,Rawatbhata,IN,2021-04-10 15:45:14,24.9333,75.5833,86.67,11,29,4.21
561,Sola,VU,2021-04-10 15:45:15,-13.8833,167.55,77.0,100,90,7.61
562,Coffs Harbour,AU,2021-04-10 15:42:12,-30.3,153.1333,62.6,77,0,3.44
563,Luwuk,ID,2021-04-10 15:45:15,-0.9516,122.7875,78.48,85,100,2.48
564,Sakakah,SA,2021-04-10 15:45:15,29.9697,40.2064,71.6,20,0,18.41
565,Damghan,IR,2021-04-10 15:45:16,36.1683,54.348,74.48,21,41,6.02
